{
  "best_score": 12.5,
  "best_params": {
    "cusum_baseline_fraction": 0.10820209904204513,
    "cusum_slack_factor": 1.4466132251125299,
    "cusum_threshold_factor": 4.0691963792590675,
    "gs_cooccurrence": 13,
    "gs_decay": 0.6203891664218995,
    "gs_min_corr": 4.782794283275795,
    "gs_edge_limit": 636
  },
  "scenario": "network-latency",
  "detector": "cusum",
  "correlator": "graphsketch",
  "total_trials": 20
}