{
  "best_score": 96.5,
  "best_params": {
    "lightesd_min_window": 20,
    "lightesd_alpha": 0.04274869455295218,
    "lightesd_trend_frac": 0.22671433596190427,
    "lightesd_period_sig": 0.028708753481954688,
    "lightesd_max_periods": 4,
    "gs_cooccurrence": 5,
    "gs_decay": 0.6756482069866936,
    "gs_min_corr": 1.6007560654887323,
    "gs_edge_limit": 870
  },
  "scenario": "memory-leak",
  "detector": "lightesd",
  "correlator": "graphsketch",
  "total_trials": 20
}